Subject,Channel,RMS_Slope,RMS_R2,MDF_Slope,MDF_R2,Fatigue_Direction
sub1,Ch 1,0.045211656852483545,0.21155315898512653,-0.025171886936592818,0.022764532637885953,Consistent
sub1,Ch 2,0.05786740180735079,0.5425668145036143,-0.027553996805333703,0.026031217080667315,Consistent
sub1,Ch 3,-0.0934269599376794,0.5056156362344667,0.05890686853253698,0.058718800379157214,Opposite
sub1,Ch 4,0.007126914210725067,0.05107994448391206,-0.14319049934023195,0.326737465320551,Consistent
sub1,Ch 5,0.040643194655494985,0.3795046215714196,-0.13004722550177095,0.39635889453946976,Consistent
sub1,Ch 6,0.10280045442907515,0.4624073660464417,-0.11288283908604763,0.29565058355205753,Consistent
sub1,Ch 7,0.04505902184475444,0.18591795594170443,-0.11130634071810543,0.27968080480725094,Consistent
sub1,Ch 8,0.02077846198301495,0.050748421962412596,-0.029547190777137303,0.030880608357014262,Consistent
sub2,Ch 1,0.058156990153034424,0.4201103149129305,0.0007847767206055989,3.1523112540470225e-05,Mixed
sub2,Ch 2,0.04256252972298221,0.2009594836154375,0.0027606083755816343,0.0004410552671841874,Mixed
sub2,Ch 3,-0.05328125007154991,0.29511149105741874,-0.06801861240363911,0.09810579053873986,Mixed
sub2,Ch 4,0.07561944733107283,0.5108534494779567,-0.10059726369886796,0.19756734462155193,Consistent
sub2,Ch 5,0.13370675220103234,0.6066445227328634,-0.10667060212514758,0.28523842101811375,Consistent
sub2,Ch 6,0.12763789364027892,0.3942048625574107,-0.0685151746649073,0.146275194680069,Consistent
sub2,Ch 7,0.1017715599810464,0.28367507934801384,-0.04440238905479547,0.04972972161934303,Consistent
sub2,Ch 8,0.05426445435530743,0.2510463134051144,0.002670324328078339,0.0002312168695566744,Mixed
sub3,Ch 1,0.17835711256926126,0.7900531726538224,-0.0021459823598861043,0.0003117869800662058,Consistent
sub3,Ch 2,0.08000134366954528,0.6876867480707037,-0.015987221334814918,0.014827992658809788,Consistent
sub3,Ch 3,0.014215645169128514,0.7302757142124933,-0.016758108201958468,0.012386353407594175,Consistent
sub3,Ch 4,-0.003243110920716212,0.024858512646203125,-0.10751093825960135,0.24871856542268966,Mixed
sub3,Ch 5,0.11652561451157809,0.8696295188982434,-0.016730328495034377,0.021415176059796925,Consistent
sub3,Ch 6,0.15920187742825426,0.5824854133201247,-0.020213209250642405,0.03179012776490116,Consistent
sub3,Ch 7,0.20545326073911283,0.6830314948261603,-0.0414195430238211,0.08419528326636376,Consistent
sub3,Ch 8,0.17121268950006707,0.7924337545338648,-0.045742759913882915,0.10576619025405767,Consistent
sub4,Ch 1,0.18395998530900154,0.6405810779379841,-0.048479061045905956,0.0573126991221713,Consistent
sub4,Ch 2,0.06642735163398272,0.14586231763637117,-0.046180290297937354,0.05386043425627105,Consistent
sub4,Ch 3,0.13559660473400564,0.3313498385190135,-0.06187929717341482,0.1071327741542822,Consistent
sub4,Ch 4,0.13597567324615928,0.2848540358948072,-0.05182304326689353,0.05333474227398931,Consistent
sub4,Ch 5,0.3137049226239833,0.7584284454082194,0.08109938190152094,0.09664647796125392,Mixed
sub4,Ch 6,0.07987050769290434,0.1437196974111629,-0.02690464615598305,0.017613025196998554,Consistent
sub4,Ch 7,0.06865090645257749,0.18996121381418518,-0.054868393638447116,0.060631119111541565,Consistent
sub4,Ch 8,0.09637294070619594,0.3341537487126449,0.0057538717966525476,0.0009258284130439724,Mixed
sub5,Ch 1,0.12335830590794082,0.7445241430008176,0.0033509271477185883,0.0005887936108476477,Mixed
sub5,Ch 2,0.035799131646517844,0.3264029508469199,0.009500659768039446,0.002641664759790642,Mixed
sub5,Ch 3,0.016543713305873963,0.10161330171445525,-0.05862559899993054,0.052938680882180886,Consistent
sub5,Ch 4,0.009518788174848511,0.01740923787648355,-0.0956767831099382,0.14464927474756054,Consistent
sub5,Ch 5,0.11699199342437606,0.7993460694922278,-0.08846447669977082,0.12916984489313008,Consistent
sub5,Ch 6,0.10593764653099376,0.5255566039183976,-0.02263351621640392,0.026458449477232426,Consistent
sub5,Ch 7,0.06983310766988826,0.590845195556879,-0.035880963955830264,0.04762354137097102,Consistent
sub5,Ch 8,0.18150158828135962,0.5861909874665912,-0.02131398013750955,0.009311137767183399,Consistent
sub6,Ch 1,0.06404653668802297,0.3770838946862216,0.013990554899645806,0.014882298481619222,Mixed
sub6,Ch 2,0.05642316292585414,0.41983199876316935,-0.0019202722411278557,0.00024266786878614804,Consistent
sub6,Ch 3,-0.010488000216791632,0.03464712958406328,-0.09697201194527397,0.24936068412793091,Mixed
sub6,Ch 4,0.0532044986299887,0.7385254803095596,-0.06370581290367384,0.110735507800614,Consistent
sub6,Ch 5,0.05268462537453559,0.7174852566669556,-0.00109382596013612,6.216433970084301e-05,Consistent
sub6,Ch 6,0.13330149961566612,0.5991068673408829,-0.018411000763941945,0.010830801538240733,Consistent
sub6,Ch 7,0.17924690044437325,0.535042181072971,-0.02029654837141468,0.044332609905736405,Consistent
sub6,Ch 8,0.0833648068360786,0.4270999571235869,0.000361136190013194,1.2349242797469982e-05,Mixed
sub7,Ch 1,0.08932152458285951,0.5067471183257781,0.0027779706924091923,0.00020015279589381195,Mixed
sub7,Ch 2,0.05398075882877478,0.213848523606402,0.06328911729981247,0.07568151978180648,Mixed
sub7,Ch 3,0.00890702589139336,0.00307118029857086,-0.05042364053059241,0.055842176239145024,Consistent
sub7,Ch 4,0.14652305542522207,0.5405650384844324,-0.022359191610528507,0.024468260126534407,Consistent
sub7,Ch 5,0.06334983693839512,0.11772560504094146,-0.04040211125772623,0.11572636466183873,Consistent
sub7,Ch 6,-0.03621556584484238,0.04357955761874112,-0.027335231613306477,0.01983728296734227,Mixed
sub7,Ch 7,-0.05330068494482383,0.102517116721032,-0.03986040697270644,0.05441165848126716,Mixed
sub7,Ch 8,0.11946632683055752,0.5375352321955186,-0.08032502257101187,0.1370675390932861,Consistent
sub8,Ch 1,-0.037885579442456324,0.10233176593732714,0.018855476074727408,0.024432118332880684,Opposite
sub8,Ch 2,-0.03063774947318193,0.06267525400255129,-0.005746926869921521,0.002162816085286264,Mixed
sub8,Ch 3,0.043355012712859894,0.590283174212952,-0.04322869643725258,0.05878734379630854,Consistent
sub8,Ch 4,-0.023958133038246756,0.15902739879319713,-0.07623098826307381,0.10444234772361671,Mixed
sub8,Ch 5,0.04299350877163005,0.4466427213857936,-0.18469685394819085,0.5220490632378476,Consistent
sub8,Ch 6,0.10942713364753962,0.4462872497743929,-0.08234252378637404,0.18865860534657872,Consistent
sub8,Ch 7,0.051833950462506446,0.1926299107522211,-0.06885200361136187,0.09000075995838469,Consistent
sub8,Ch 8,-0.0061377742203157955,0.001975874680309105,-0.024949649281200085,0.018941892579174714,Mixed
sub9,Ch 1,0.13740105783092288,0.7440043929227063,-0.0028231127161608425,0.0006727640552740702,Consistent
sub9,Ch 2,0.0766646436792145,0.4843266413890282,-0.010896590040975066,0.007157045283945866,Consistent
sub9,Ch 3,0.06747994169424516,0.4057694991069281,-0.026783109938190153,0.01851393041035736,Consistent
sub9,Ch 4,0.017784995540480898,0.25844125063882933,-0.04904854503784985,0.05432112309955157,Consistent
sub9,Ch 5,0.06263861349461819,0.6280155899774754,-0.07631779984721161,0.18846209045415915,Consistent
sub9,Ch 6,0.10573111682088815,0.29341286792765214,-0.065560108340857,0.14605127813890936,Consistent
sub9,Ch 7,0.13532324832816373,0.2994784567593133,-0.00680602819640253,0.0008623728250717982,Consistent
sub9,Ch 8,0.13891174172906948,0.5031059059141789,-0.03489825682339051,0.04742166610593318,Consistent
sub10,Ch 1,0.2513739234048025,0.8753592482114968,-0.12089381207028264,0.3396521154812954,Consistent
sub10,Ch 2,0.24061415952607598,0.7444780375990077,-0.08501979304118341,0.21063531993810686,Consistent
sub10,Ch 3,0.22829124043359114,0.4504548040423456,-0.13862421001458436,0.39295214419980024,Consistent
sub10,Ch 4,0.16366660967290522,0.3514220003684447,-0.1645253142579346,0.380314719558935,Consistent
sub10,Ch 5,0.25047163969169534,0.678414664437251,-0.11824432252239735,0.3802584826513093,Consistent
sub10,Ch 6,0.021043099700779277,0.027584710096136056,-0.10573650947982498,0.33781337053321164,Consistent
sub10,Ch 7,0.2350061604857319,0.7757901051207968,-0.1151677199805542,0.37719003425385234,Consistent
sub10,Ch 8,0.11216314261492001,0.5718645267112366,-0.12824154455170503,0.34396291829258957,Consistent
sub11,Ch 1,0.04156489929864628,0.11376288440645532,-0.052875199666643516,0.07891903358568976,Consistent
sub11,Ch 2,0.09401326580664424,0.5754544068452703,0.005569831238280432,0.001841026220178691,Mixed
sub11,Ch 3,0.0035108844581455113,0.01483923030260574,-0.0941454267657476,0.15346069460258777,Consistent
sub11,Ch 4,0.08125549374090912,0.5779180449388898,-0.061809847906104616,0.10320259013407418,Consistent
sub11,Ch 5,0.044553955912252544,0.16224161485071303,0.011792485589277034,0.004082041981243226,Mixed
sub11,Ch 6,0.06880397185496269,0.10267446806424513,0.00029515938606847783,4.9970716572198186e-06,Mixed
sub11,Ch 7,0.09160517932330521,0.4120098606719226,-0.09155149663171053,0.1713359532288495,Consistent
sub11,Ch 8,0.10367204464946674,0.5285500288559755,-0.07180012500868113,0.11469507852202887,Consistent
sub12,Ch 1,0.0828919354699823,0.4982259596675493,0.031012570317383154,0.058656129416922075,Mixed
sub12,Ch 2,0.05604880967559483,0.6634727472341108,0.0024203069657615104,0.0002791129396125246,Mixed
sub12,Ch 3,0.16050149786636678,0.7111192550547003,-0.15334050975762206,0.34943833141379627,Consistent
sub12,Ch 4,0.013799362039551923,0.14875598258357692,-0.1471907771373012,0.29998089570812775,Consistent
sub12,Ch 5,0.0570731252027929,0.6715917578433075,-0.03710674352385581,0.10946608851456419,Consistent
sub12,Ch 6,0.1664861448298829,0.723338778982827,-0.07847767206055976,0.13752283952282365,Consistent
sub12,Ch 7,0.32230916984937485,0.9546389027544762,-0.05344815612195292,0.06480605771277884,Consistent
sub12,Ch 8,0.0897273421928673,0.5378341946379974,0.016699076324744773,0.017673008933945106,Mixed
sub13,Ch 1,0.0442149718947765,0.116276796212598,-0.1837801236196958,0.4988838104275555,Consistent
sub13,Ch 2,0.09212015791001091,0.5314851622194279,-0.02651225779568025,0.020482470619724337,Consistent
sub13,Ch 3,0.1344253887539981,0.5643749718346658,-0.15792416140009727,0.5845304608445678,Consistent
sub13,Ch 4,0.06698132054456418,0.40005017144742766,-0.13237030349329815,0.40986045203344257,Consistent
sub13,Ch 5,0.027032352919600343,0.18290599065217653,-0.11318841586221262,0.33371731138998917,Consistent
sub13,Ch 6,0.09972113744920416,0.6708626634649576,-0.11799430516008051,0.33898115387919575,Consistent
sub13,Ch 7,0.19489043132195102,0.7923131182504891,-0.029981248697826233,0.02858436471746313,Consistent
sub13,Ch 8,0.12232258593083876,0.4871804005307696,-0.08350232655045489,0.1984905915293502,Consistent
sub14,Ch 1,0.0496957206147763,0.20507135283443184,-0.09396833113410653,0.15362355929836355,Consistent
sub14,Ch 2,0.10281640975184297,0.560871525378383,-0.016053198138759633,0.0045749365821707,Consistent
sub14,Ch 3,-0.03580840326376926,0.19583597722515828,0.04088478366553234,0.020097644569177904,Opposite
sub14,Ch 4,-0.028351812530073076,0.09594467413540235,-0.0485207306062921,0.0642839355398842,Mixed
sub14,Ch 5,0.06854001275114313,0.4621621339705178,-0.09322175151052157,0.17053239714430019,Consistent
sub14,Ch 6,0.07330566462029292,0.29424577428610554,-0.058597819293006455,0.05074091986101611,Consistent
sub14,Ch 7,0.1512956498687893,0.6586093242420833,-0.07823807208833947,0.11740413544254291,Consistent
sub14,Ch 8,0.0015676333928957942,0.00017084538183005603,-0.053114799638863806,0.055408011262598277,Consistent
sub15,Ch 1,0.06777889528410869,0.5118395691065889,-0.027852628654767692,0.02953600804350848,Consistent
sub15,Ch 2,0.08489043183229868,0.5729489489019337,-0.10045489270088197,0.23859306793882973,Consistent
sub15,Ch 3,0.09213805335955921,0.4115788499024719,-0.03243280783387735,0.028417448701194628,Consistent
sub15,Ch 4,0.061978435380478945,0.6871756546493564,-0.16868532536981734,0.41986512782953694,Consistent
sub15,Ch 5,0.2406737638236356,0.8252067968247855,-0.07964789221473713,0.13196991325907168,Consistent
sub15,Ch 6,0.053055602518847535,0.22764646905103084,-0.04913535662198765,0.0505341220739764,Consistent
sub15,Ch 7,0.45663607392918476,0.8743641588317118,0.022737690117369255,0.008456379208045588,Mixed
sub15,Ch 8,0.10830360666787765,0.6649451783378708,-0.014101673727342176,0.005678845427943237,Consistent
